Variable Names,Weights,Missing %
SMOKELESS_TOB_USE_cat2,11.446620968536939,0.004572081725960852
WHITE BLOOD CELL COUNT,11.306777853279245,0.532095798896253
LDH,10.899102805547624,0.800242929946397
PLATELET COUNT,-10.75295605794926,0.5328351509070265
MONOCYTES %,-10.469842050552852,0.5897916611655356
BLOOD UREA NITROGEN,10.280659604671772,0.4912201948720657
TOBACCO_USER_missing,10.006096347926567,0.05057865409344192
SMOKING_TOB_USE_cat2,9.832617393757912,0.004572081725960852
C-REACTIVE PROTEIN,9.595279119894872,0.748488289192258
ALT,-9.582589096253374,0.69742018959098
CALCIUM,-9.339185665579265,0.4908769242956352
EENT PREPS,-9.090314989905561,0.0
NEUTROPHILS %,8.957705011615161,0.6241715296664995
AUTONOMIC DRUGS,-8.658386782650757,0.0
DIURETICS,8.623462449099344,0.0
"PH, URINE",-8.559646759944885,0.9556916902115075
CREATININE,8.244998396562481,0.4912201948720657
FERRITIN,7.9674202270360075,0.7428639328245887
LYMPHOCYTES %,-7.880635713742252,0.5898972828813605
ALBUMIN,-7.821283110870783,0.649784795754007
EOSINOPHILS %,-7.693719037259717,0.5899500937392728
MAGNESIUM,7.598574025740408,0.7150590161337171
"GRANULOCYTES IMMATURE , ABSOLUTE",7.512022583170777,0.692244725515566
"PROTEIN, TOTAL",-7.500701700245358,0.6949380792690977
temp_missing,-7.449405035067524,0.0
SEDATIVE/HYPNOTICS,7.295094439355302,0.0
sys_bp_missing,-6.988062650049776,0.0
dia_bp_missing,-6.9648305896045075,0.0
SMOKELESS_TOB_USE_cat1,-6.806918836959365,0.004572081725960852
GLUCOSE,6.705890819824453,0.49526022550236326
ANTIVIRALS,6.622997648946222,0.0
ANTIINFECTIVES/MISCELLANEOUS,6.5756359288575075,0.0
NEUTROPHIL ABSOLUTE CALCULATED,6.354270536481179,0.9360724564970558
EGFR MDRD NON AFRICAN AMERICAN_missing,-6.317860706837064,0.0
ELECT/CALORIC/H2O,6.0249984359601,0.0
"MISCELLANEOUS MEDICAL SUPPLIES, DEVICES, NON-DRUG",-5.734717119814747,0.0
"PHOSPHORUS, INORGANIC_missing",-5.326604087935294,0.0
hosp,5.271503847330161,0.0
SODIUM,5.020365553750361,0.4912201948720657
"CARBOXYHEMOGLOBIN, VBG",-4.988773697940603,0.9814897943017085
"GLUCOSE, POC",4.968720591243498,0.7780887750521507
RACE_cat4,4.715380658460755,0.0
ALKALINE PHOSPHATASE,4.493309177814423,0.6966544321512503
MEAN CORPUSCULAR HEMOGLOBIN CONC,-4.423630581332388,0.5322014206120779
ANTIPARASITICS,4.238182633136238,0.0
EGFR MDRD AFRICAN AMERICAN_missing,-4.2296728193612125,0.0
SEX_cat1,-4.226368345172366,0.0
ANTICOAGULANTS,4.128140135416816,0.0
"NUCLEATED RBC,ABSOLUTE_missing",-4.099510228506043,0.0
RACE_cat0,-3.891671106583562,0.0
ANALGESICS,3.8785438752779093,0.0
COUGH/COLD PREPARATIONS,3.81432034719028,0.0
dia_bp,-3.803123139658669,0.10572733754059835
RDW-SD,3.798773993547067,0.5783581104275038
ANION GAP_missing,-3.6145706896158982,0.0
CARBON DIOXIDE,3.594081656598565,0.49135222201684664
RACE_cat2,3.593634617105173,0.0
RDW-SD_missing,-3.5876906509868585,0.0
SMOKING_TOB_USE_cat1,-3.565265274283957,0.004572081725960852
TOBACCO_USER_cat1,-3.5183404678469175,0.05057865409344192
ANTIBIOTICS,3.452416515519119,0.0
RDW-CV,3.4047639331552078,0.5769850281217819
RDW-CV_missing,-3.352182474405995,0.0
NUCLEATED RED BLOOD CELLS %_missing,-3.3478676548002495,0.0
CNS DRUGS,3.0376614049645343,0.0
SEX_cat0,3.0348355991492753,0.0
IMMUNOSUPPRESSANTS,-2.8454038092610325,0.0
"RED BLOOD CELLS, URINE",2.766300146521426,0.9715877584431359
time,-2.603665435044927,0.0
"PHOSPHORUS, INORGANIC",2.5021977236125115,0.80230255340498
BILIRUBIN TOTAL,2.2789348725109844,0.6973937841620237
MEAN CORPUSCULAR VOLUME,2.240756188400121,0.5322014206120779
HEMATOCRIT,2.1069301544894556,0.5321222043252093
TROPONIN I_missing,-2.083579801645946,0.0
MARITAL_STATUS_cat2,-2.0427587365717996,0.00842977568224032
MEAN PLATELET VOLUME_missing,-2.0057621426756995,0.0
MEAN PLATELET VOLUME,1.930928193230697,0.5769850281217819
RED BLOOD CELL COUNT,1.866066720376663,0.5321486097541654
BASOPHILS %,-1.860554651505727,0.589976499168229
"GLUCOSE, POC_missing",-1.6251539432517772,0.0
sys_bp,1.5383629216966697,0.10572733754059835
ANTIFUNGALS,-1.4975383888685678,0.0
AGE,1.439176304949613,0.0
MAGNESIUM_missing,-1.38831006245558,0.0
BILIRUBIN DIRECT,1.3526381359967157,0.7785112619154498
A/G RATIO_missing,1.2827188122158055,0.0
RED CELL DISTRIBUTION WIDTH_missing,1.2381519565601007,0.0
MARITAL_STATUS_cat8,1.2172831328352165,0.00842977568224032
UNCLASSIFIED DRUG PRODUCTS,-1.1779774858246013,0.0
BILIRUBIN DIRECT_missing,-1.0735523114235717,0.0
NEUTROPHILS  ABSOLUTE,-1.0429988446660075,0.6526101766523197
IRON,-1.0109597596628759,0.9827308494626495
GFR IN AFRICAN AMERICAN(CKD-EPI)_missing,0.9713189491384607,0.0
GFR CALCULATION(CKD-EPI)_missing,0.953185416566815,0.0
"PH, URINE_missing",-0.9412431758798881,0.0
ETHNICITY_cat0,0.9186157209143199,0.0
GLOBULIN_missing,0.8814814670639849,0.0
POTASSIUM_missing,-0.8272526257724565,0.0
POLYS_missing,0.8189710043343249,0.0
ABSOLUTE LYMPHS_missing,0.8003372633943294,0.0
IMMATURE GRANULOCYTES_missing,0.7817148195150714,0.0
FERRITIN_missing,0.7741049640154891,0.0
ABSOLUTE IMMATURE GRANULOCYTES_missing,0.7558879681329657,0.0
"VLDL CHOLESTEROL, TOTAL DIRECT_missing",0.7261388073807296,0.0
"LDL CHOL,CALCULATED_missing",0.7198753118238949,0.0
LDH_missing,-0.7056034913183846,0.0
TOBACCO_USER_cat0,-0.7017200979408708,0.05057865409344192
PSYCHOTHERAPEUTIC DRUGS,0.6979499260811884,0.0
PROTHROMBIN TIME_missing,-0.6784064917555853,0.0
THYROID STIMULATING HORMONE_missing,0.6768830382937578,0.0
GASTROINTESTINAL,0.672961456933812,0.0
SMOKING_TOB_USE_cat0,-0.6410556429635613,0.004572081725960852
ERYTHROCYTE SEDIMENTATION RATE_missing,-0.6389048915206208,0.0
ANESTHETICS,-0.6357025989427935,0.0
CARDIOVASCULAR,-0.5973410310776661,0.0
CREATINE KINASE TOTAL_missing,-0.5714890555109782,0.0
BMI,-0.5452937906400237,0.01514502071724532
ANTIPLATELET DRUGS,0.5439421168317473,0.0
MEAN CORPUSCULAR HEMOGLOBIN_missing,-0.5348068061760591,0.0
HEMOGLOBIN_missing,-0.5344082948644646,0.0
HEMOGLOBIN,0.5343944103085663,0.5320693934672969
PLATELET COUNT_missing,-0.5237768902080434,0.0
MEAN CORPUSCULAR VOLUME_missing,-0.5215823764770835,0.0
MEAN CORPUSCULAR HEMOGLOBIN CONC_missing,-0.5182162273192678,0.0
VITAMIN D 25-HYDROXY TOTAL_missing,0.5066600775891928,0.0
HEMATOCRIT_missing,-0.5059064146563298,0.0
RED BLOOD CELL COUNT_missing,-0.5030002688707355,0.0
HEMOGLOBIN A1C,0.49088786569094706,0.9292334503974017
WHITE BLOOD CELL COUNT_missing,-0.48883109785464557,0.0
GGTP_missing,-0.48608923100831714,0.0
INR_missing,-0.4712555602105938,0.0
CHOLESTEROL/HDL RATIO_missing,0.413393143378334,0.0
"BILIRUBIN, CONJUGATED_missing",0.40197624622412137,0.0
"HEMOGLOBIN, VBG",0.3798899298903319,0.9815161997306646
GLUCOSE_missing,-0.37179708669556283,0.0
SKIN PREPS,-0.35513086115604087,0.0
"IONIZED CALCIUM, ABG_missing",-0.32005642855512834,0.0
"POTASSIUM, ABG_missing",-0.31873302514293117,0.0
"PO2, ABG_missing",-0.3015339535519551,0.0
temp,0.3012695812110121,0.1886139790340894
"TEMPERATURE, ABG_missing",-0.2999025238317473,0.0
"PH, ABG_missing",-0.29698859018050133,0.0
CARBON DIOXIDE_missing,-0.2952892285814489,0.0
"HCO3, ABG_missing",-0.2907817508597791,0.0
"SODIUM, ABG_missing",-0.287883184495521,0.0
CREATININE_missing,-0.2872454223069078,0.0
PH_missing,0.28137598374190625,0.0
"LACTATE, ABG_missing",-0.273161629109231,0.0
MARITAL_STATUS_cat3,0.26951822505231193,0.00842977568224032
CALCIUM_missing,-0.26346631035513796,0.0
CHLORIDE_missing,-0.25962226665037674,0.0
BLOOD UREA NITROGEN_missing,-0.25957108913880356,0.0
TACROLIMUS_missing,0.25397447358598785,0.0
"GLUCOSE, ABG_missing",-0.2535670675037899,0.0
SODIUM_missing,-0.253435973517171,0.0
"RED BLOOD CELLS, URINE_missing",-0.22385915527842754,0.0
"OXYHEMOGLOBIN, ABG_missing",-0.21846560976531473,0.0
"CARBOXYHEMOGLOBIN, ABG_missing",-0.21686094903292122,0.0
"CHOLESTEROL, TOTAL_missing",0.2163004956816732,0.0
"METHEMOGLOBIN, ABG_missing",-0.21372677377192062,0.0
LYMPHOCYTE ABSOLUTE CALCULATED_missing,0.19274221116681675,0.0
VITAMIN B12_missing,0.18685998842778778,0.0
"WHITE BLOOD CELLS, URINE_missing",-0.18362313967847846,0.0
AUTOMATED ANC_missing,0.18042000294106272,0.0
LYMPHOCYTES %_missing,0.16909571397753834,0.0
MONOCYTES %_missing,0.16589177655777118,0.0
HDL CHOLESTEROL_missing,0.16509032322339437,0.0
ALT_missing,0.1583269049797377,0.0
NEUTROPHIL ABSOLUTE CALCULATED_missing,0.14896173639723115,0.0
"HEMOGLOBIN, ABG_missing",-0.13098779582869136,0.0
LIPASE_missing,0.12921260714174526,0.0
ALKALINE PHOSPHATASE_missing,0.10575937347988291,0.0
BILIRUBIN TOTAL_missing,0.10513096919706817,0.0
"PROTEIN, TOTAL_missing",0.10392764874940025,0.0
WEIGHT_POUNDS,-0.08696750535482832,0.0042863266180882984
AST_missing,0.08306518764109559,0.0
CARDIAC DRUGS,-0.08199953443086247,0.0
EOSINOPHILS %_missing,0.08042639995485448,0.0
BASOPHILS %_missing,0.07413967567917099,0.0
HEIGHT,0.060306886407144704,0.0
HEMOGLOBIN A1C_missing,0.05558390841118971,0.0
ANION GAP,0.05443388299931883,0.5478862454120568
29,-0.03921087694190701,0.0
MONOCYTES ABSOLUTE,-0.034585268461017483,0.652504554936495
"T4, FREE, NON-DIALYSIS_missing",0.0313744747236738,0.0
BUN / CREATININE RATIO_missing,0.03069771650657191,0.0
"MICROALBUMIN, URINE_missing",0.03061171008457304,0.0
PSA TOTAL_missing,0.02890813259440916,0.0
MICROALBUMIN/CREATININE RATIO_missing,0.027516560598808405,0.0
FVC PRED_missing,0.027053092075625815,0.0
ISOFEF25-75 %CHNG_missing,0.026985672264780054,0.0
FEV1 POST_missing,0.026960684686772648,0.0
FET100% POST_missing,0.02441456533254309,0.0
FEF75-85% POST_missing,0.024399758632041316,0.0
FEV1 PRED_missing,0.024317241038350566,0.0
FVC POST_missing,0.024152749788205537,0.0
FIVC %CHNG_missing,0.02414255835594481,0.0
VOL EXTRAP %CHNG_missing,0.024087640201953617,0.0
FEF25-75% PRED_missing,0.024081033673691386,0.0
FEF75-85% %CHNG_missing,0.024077551528904038,0.0
FEF25-75% PRE_missing,0.024063331649657103,0.0
FEF/FIF50 PRE_missing,0.024058904007720035,0.0
FEF/FIF50 %CHNG_missing,0.02401855642215838,0.0
FEV1/FVC PRE_missing,0.024017725922597787,0.0
FVL ECODE POST_missing,0.02397016592118418,0.0
PEF POST_missing,0.023850017314263557,0.0
FEV1/FVC PRED_missing,0.023843410363642126,0.0
FEV1 %CHNG_missing,0.023815551605716082,0.0
FET100% PRE_missing,0.023798404623044087,0.0
FEV1 PRE_missing,0.02347228207069179,0.0
FVC PRE_missing,0.02332411363394842,0.0
FEF25-75% POST_missing,0.023318913722267402,0.0
ISOFEF25-75 PRE_missing,0.02319481001129652,0.0
FEF75-85% PRE_missing,0.023159178632714588,0.0
FVL ECODE PRE_missing,0.023121680441263715,0.0
FIVC PRE_missing,0.023109554604285577,0.0
PEF PRE_missing,0.023101638702979765,0.0
PEF PRED_missing,0.023043272004141295,0.0
VOL EXTRAP PRE_missing,0.02304200916648681,0.0
PEF %CHNG_missing,0.023028692750629312,0.0
FEV1/FVC POST_missing,0.023002522345001414,0.0
FEF25-75% %CHNG_missing,0.022967835783582864,0.0
FIVC POST_missing,0.022967772227356607,0.0
FVC %CHNG_missing,0.022895496748763577,0.0
FET100% %CHNG_missing,0.022890235804478312,0.0
FEF/FIF50 POST_missing,0.02280686043011973,0.0
ISOFEF25-75 POST_missing,0.022706648595515928,0.0
VOL EXTRAP POST_missing,0.022701885854508497,0.0
URIC ACID_missing,0.0217681653231775,0.0
"T4, FREE, DIRECT_missing",0.021637155531018665,0.0
LDL CHOLESTEROL_missing,0.020872746326499728,0.0
GAMMA GLOBULIN_missing,0.020764795303079953,0.0
LDH (VITROS METHOD)_missing,0.020394930600998347,0.0
"GRANULOCYTES, IMMATURE %",-0.02008097387629901,0.6921391037997412
NON HDL CHOLESTEROL (LDL+VLDL)_missing,0.01969452122155535,0.0
T3 TOTAL_missing,0.01910558026034355,0.0
NIL_missing,0.019098325745597968,0.0
MVV PRED_missing,0.018905895273896092,0.0
BETA GLOBULIN_missing,0.015685885806642198,0.0
"GLUCOSE, FASTING_missing",0.01537057027713333,0.0
"IONIZED CALCIUM, VBG",-0.014541096181953105,0.9813313617279713
ALPHA-2-GLOBULIN_missing,0.014484111903598175,0.0
ALPHA-1-GLOBULIN_missing,0.01442940484066019,0.0
TRIGLYCERIDES_missing,0.013895696150951911,0.0
T4 (THYROXINE)_missing,0.013367227259756932,0.0
T3 FREE_missing,0.013177623280578784,0.0
"INR, POC_missing",0.012293998177703375,0.0
"PH, URINE, POC_missing",0.012222584497021132,0.0
"PTH, INTACT_missing",0.012093400606839354,0.0
ETHNICITY_cat1,-0.012028842150688328,0.0
IMMUNOGLOBULIN A_missing,0.011908065487496837,0.0
"SPECIFIC GRAVITY, URINE, POC_missing",0.011313556134763793,0.0
"VENOUS BASE EXCESS CALCULATED, POC_missing",0.011268437264215374,0.0
FOLATE_missing,0.01123145353804333,0.0
SYNGO EJF REST_missing,0.011063474645928743,0.0
ESTIMATED AVERAGE GLUCOSE_missing,0.011027753255161738,0.0
TOTAL IRON BINDING CAPACITY_missing,0.010933655881248562,0.0
IMMUNOGLOBULIN M_missing,0.01082393303769304,0.0
ANTIASTHMATICS,-0.010819746154279386,0.0
"VENOUS TCO2 CALCULATED, POC_missing",0.010397614269238716,0.0
RACE_cat1,0.010301530029224343,0.0
"VLDL CHOLESTEROL, CALCULATED_missing",0.010234242203363443,0.0
"UROBILINOGEN, URINE, POC_missing",0.010186395764947023,0.0
"VENOUS PCO2, POC_missing",0.010040278285831927,0.0
NT-PROBNP_missing,0.010037616913361698,0.0
THYROID PREPS,-0.009306201625449475,0.0
HORMONES,-0.009194978409330827,0.0
"TROPONIN, POC_missing",0.009082584522998153,0.0
HEPATITIS B SURFACE ANTIBODY_missing,0.008972160985854313,0.0
"VENOUS HCO3 CALCULATED, POC_missing",0.008960835876371113,0.0
"VENOUS PH, POC_missing",0.008374897693678387,0.0
IRON_missing,0.008221423739178226,0.0
IRON SATURATION_missing,0.008142524374358627,0.0
"PROTEIN TOTAL, URINE_missing",0.008142355066649726,0.0
SMOKING_TOB_USE_cat3,-0.007123218723294397,0.004572081725960852
"GRANULOCYTES IMMATURE , ABSOLUTE_missing",-0.006946709332081203,0.0
ANTIHISTAMINES,-0.006921732912073961,0.0
"PROTEIN/CREATININE RATIO, URINE_missing",0.006874277723042669,0.0
"VENOUS PO2, POC_missing",0.006700652595107004,0.0
"HEMOGLOBIN, ABG",0.006484142901716543,0.9914446410181933
GGTP,0.006331915128269693,0.9575136648094849
"VENOUS LACTATE, POC_missing",0.006119836166583408,0.0
BLOOD TYPE BARCODE,-0.006014574394421302,0.9919727495973172
"SQUAMOUS EPITHELIAL, URINE_missing",-0.005906984106022547,0.0
"GRANULOCYTES, IMMATURE %_missing",-0.005646140605442699,0.0
TOBACCO_USER_cat5,0.005604814162756483,0.05057865409344192
C-REACTIVE PROTEIN_missing,0.0053987976848914685,0.0
EGFR MDRD NON AFRICAN AMERICAN,0.005293244780395823,0.8438118877241161
MUSCLE RELAXANTS,-0.005252706649729969,0.0
"VENOUS SO2 CALCULATED, POC_missing",0.005024991193497057,0.0
"LACTATE, ABG",0.0049192448006779976,0.9913126138734124
"CREATININE, URINE_missing",-0.004919201726484927,0.0
IMMUNOGLOBULIN G_missing,0.004902211613108856,0.0
ERYTHROCYTE SEDIMENTATION RATE,0.004846555640809217,0.904702806897098
VITAMINS,-0.00476759939780796,0.0
37,0.004737611172716292,0.0
"OXYHEMOGLOBIN, VBG",-0.0047009468396651075,0.9814633888727522
ANTIHYPERGLYCEMICS_missing,0.004638353878266667,0.0
APTT_missing,-0.004612802089284098,0.0
ALBUMIN_missing,-0.004579410677699499,0.0
ANESTHETICS_missing,-0.004511367948033718,0.0
EENT PREPS_missing,-0.00450249893860402,0.0
SMOKING_TOB_USE_cat8,-0.0045022246860099875,0.004572081725960852
"GLUCOSE, VBG_missing",-0.00446725810204245,0.0
CHLORIDE,0.0044442892986134835,0.49127300572997806
"VENOUS TCO2 CALCULATED, POC",-0.004250508381991798,0.9962240236592643
TACROLIMUS,0.004209460391514216,0.984843283779145
"HCO3, ABG",-0.0041093558247833365,0.9912862084444561
42,-0.004102807183638103,0.0
TOBACCO_USER_cat2,0.003940213316857025,0.05057865409344192
"GLUCOSE, ABG",0.0038484075972460936,0.991391830160281
INSULIN LISPRO 100 UNITS/ML SUBCUTANEOUS INPN_missing,-0.0038404026881471136,0.0
12,-0.003755978717866463,0.0
ANTIDOTES_missing,0.003724668742645307,0.0
BLOOD TYPE BARCODE_missing,-0.003674637193610054,0.0
TOBACCO_USER_cat3,-0.0036627653585891524,0.05057865409344192
RACE_cat3,0.00365759821789325,0.0
MICROALBUMIN/CREATININE RATIO,0.003648127900122456,0.993715507908426
41,0.003561204222640943,0.0
DIURETICS_missing,0.0034617054554193,0.0
"HEMOGLOBIN, VBG_missing",-0.0034616878445012426,0.0
ANTIHISTAMINES_missing,0.0034578132001556513,0.0
CREATINE KINASE TOTAL,-0.0034363949131179057,0.8831823822978004
LIRAGLUTIDE (WEIGHT LOSS) 3 MG/0.5 ML (18 MG/3 ML) SUBCUTANEOUS PNIJ_missing,-0.003418604823300412,0.0
"CARBOXYHEMOGLOBIN, VBG_missing",-0.003325099978173215,0.0
"METHEMOGLOBIN, VBG_missing",-0.0033201065825067435,0.0
"TEMPERATURE, ABG",0.0033124496186397517,0.9913126138734124
FEV1/FVC PRE,-0.003312265616255526,0.9962768345171767
"PH, VBG_missing",-0.0033109270105597982,0.0
lancets 33 gauge,-0.0033016213073366286,0.0
NEUTROPHILS %_missing,0.0032786756051845813,0.0
T3 TOTAL,-0.0032513511942034146,0.9956959150801404
ESTIMATED AVERAGE GLUCOSE,0.003215130682855059,0.9551371762034274
"TEMPERATURE, VBG_missing",-0.0032092903918541603,0.0
"VENOUS LACTATE, POC",-0.0031971423004491825,0.9964088616619577
insulin glulisine (U-100) 100 unit/mL subcutaneous solution_missing,0.003195549925127384,0.0
NEUTROPHILS  ABSOLUTE_missing,-0.003190972277662032,0.0
"HCO3, VBG_missing",-0.003159225630979608,0.0
"SPECIFIC GRAVITY, URINE_missing",-0.0031342928608056484,0.0
"verapamiL ER (SR) 120 mg tablet,extended release_missing",-0.003089085295445367,0.0
COUGH/COLD PREPARATIONS_missing,0.00308389151134436,0.0
"OXYHEMOGLOBIN, VBG_missing",-0.0030825445639528952,0.0
"SPECIFIC GRAVITY, URINE",0.0030794985584429975,0.9455520054923292
17,-0.003032241609121554,0.0
NUCLEATED RED BLOOD CELLS %,-0.003024984818608802,0.5776187584167305
TRIGLYCERIDES,0.003020771945296434,0.9199387394048216
AUTOMATED ANC,-0.0029928926200768723,0.9875630429616329
"POTASSIUM, VBG_missing",-0.0029827857320120364,0.0
"EOSINOPHILS, ABSOLUTE_missing",-0.0029800649145676934,0.0
"O2 CONTENT (SAT), VBG_missing",-0.0028975785850715394,0.0
FVC %CHNG,0.0028889713471732113,0.9969897810989939
FET100% PRE,0.0028856479539450973,0.9962768345171767
NON HDL CHOLESTEROL (LDL+VLDL),0.0028625003925766765,0.9950357793562357
DIAGNOSTIC,0.0028516754233453043,0.0
VOL EXTRAP %CHNG,-0.002840669104990143,0.9973594571043807
34_missing,-0.0027393099599537615,0.0
IMMUNOSUPPRESSANTS_missing,0.0027373620686487153,0.0
fluocinonide 0.05 % topical ointment_missing,0.0027253968294228283,0.0
SAXENDA 3 MG/0.5 ML (18 MG/3 ML) SUBCUTANEOUS PNIJ,0.0027252603878414198,0.0
IRON SATURATION,-0.002716989458852416,0.9945340762060679
ketoconazole 2 % shampoo_missing,-0.002715502669486349,0.0
LYMPHOCYTE ABSOLUTE CALCULATED,-0.002707786755117766,0.9354651316310634
PEF PRE,0.002702335539364407,0.9962768345171767
"PH, URINE, POC",0.0026844052995916674,0.9983100525468036
PROTHROMBIN TIME,-0.002668391166841899,0.916162763064086
"IONIZED CALCIUM, ABG",-0.0026629100375822937,0.9913390193023686
3_missing,-0.0026584987400283893,0.0
ANTIPARKINSON DRUGS_missing,0.002636326617315005,0.0
"SODIUM, VBG_missing",-0.002623975748087953,0.0
6_missing,-0.0025950830196004916,0.0
PEF PRED,-0.0025804510205012,0.9962768345171767
"LDL CHOLESTEROL, CALCULATED_missing",0.0025768498501791393,0.0
"insulin syringe U-100 with needle 1 mL 30 gauge x 5/16""_missing",0.002553230095269215,0.0
12_missing,-0.002535514061384763,0.0
CARDIOVASCULAR_missing,0.0025265426581149325,0.0
"TEMPERATURE, VBG",-0.002512031521854985,0.9812785508700589
GFR IN AFRICAN AMERICAN(CKD-EPI),0.002500712975674976,0.9649864012040875
ANTIPARKINSON DRUGS,-0.002495442728275344,0.0
17_missing,-0.0024885747920600546,0.0
"insulin syringe U-100 with needle 1 mL 30 gauge x 5/16""",-0.002487904096271675,0.0
"T4, FREE, NON-DIALYSIS",-0.0024844650489106094,0.9943756436323308
ANTIHYPERGLYCEMICS,0.0024790916940184574,0.0
APREMILAST 10 MG (4)-20 MG (4)-30 MG(19) ORAL DSPK,0.0024734559702655006,0.0
insulin aspart (U-100) 100 unit/mL (3 mL) subcutaneous pen_missing,0.0024630190942690595,0.0
ANTIARTHRITICS_missing,-0.002445934889872594,0.0
40_missing,0.0024427288064397747,0.0
"HCO3, VBG",-0.002426710690812524,0.9812257400121465
"VENOUS SO2 CALCULATED, POC",0.0024156381210528226,0.9966201050936072
PTT_missing,-0.002395137485680689,0.0
SMOKING DETERRENTS_missing,0.0023262736662395286,0.0
"LDL CHOLESTEROL, CALCULATED",-0.002317574728278999,0.9796414142747749
"VLDL CHOLESTEROL, CALCULATED",-0.0022658274020982095,0.9988381611259275
11129_missing,0.002257048153585007,0.0
TOTAL IRON BINDING CAPACITY,-0.0022424033044063482,0.9918671278814924
EGFR MDRD AFRICAN AMERICAN,-0.0022335054200771087,0.8778220802196932
38,0.0022230568907729994,0.0
BASOPHILS ABSOLUTE_missing,-0.0021495116042379763,0.0
CARDIAC DRUGS_missing,0.0021294526247590657,0.0
HYALINE CASTS_missing,-0.0021116487144508334,0.0
LDH (VITROS METHOD),-0.0021040682112374,0.997676322251855
predniSONE 50 mg tablet,0.002088045574258925,0.0
LYMPHOCYTES ABSOLUTE_missing,-0.002075881944277182,0.0
"INR, POC",0.0020585026923832846,0.9995247022787885
saliva substitute combination no.11 351 mg powder packet_missing,-0.002048783044072813,0.0
TOBACCO_USER_cat4,0.002021030674647063,0.05057865409344192
BIOLOGICALS_missing,-0.001985904278588411,0.0
glimepiride 1 mg tablet,0.0019812550065147153,0.0
 >420 8 units and call primary team HIGH ALERT MEDICATION Refrigerate. Hazardous Waste: Dispose of Properly,0.0019777405040821167,0.0
207551_missing,0.0019166728596666457,0.0
flash glucose sensor kit,0.0019157695654389228,0.0
THYROID STIMULATING HORMONE,-0.0019107098483633548,0.9761558976525574
VITAMINS_missing,0.0019106951385213218,0.0
MUSCLE RELAXANTS_missing,0.0018756518414734143,0.0
lancets,-0.0018623572933720246,0.0
saliva substitute combination no.11 351 mg powder packet,-0.0018454709625993178,0.0
CPAP DEVICE_missing,0.001812123460844077,0.0
32_missing,0.001802379821632881,0.0
FEF/FIF50 %CHNG,-0.0017854313532872574,0.9970425919569064
ANTIINFECTIVES,-0.0017537574782759094,0.0
FEF25-75% PRE,-0.0017529951510165196,0.9962768345171767
PREDNISONE 10 MG ORAL TAB,0.0017486375501519554,0.0
insulin aspart U-100  100 unit/mL subcutaneous solution_missing,0.0017466227830028195,0.0
AUTONOMIC DRUGS_missing,0.001740554138433348,0.0
21,0.0017249997533494734,0.0
"GLUCOSE, VBG",-0.0017226366643066128,0.9813577671569275
HERBALS,-0.0017147398971873425,0.0
PRE-NATAL VITAMINS,0.001696322995146118,0.0
ISOFEF25-75 POST,-0.0016930538531233453,0.9970161865279501
46,-0.001687973135488684,0.0
"PO2, VBG_missing",-0.001686216067036143,0.0
"VENOUS PH, POC",-0.001677768089983776,0.9962240236592643
1,-0.0016686950932921234,0.0
glimepiride 1 mg tablet_missing,0.0016670941811860029,0.0
39,0.0016557945039530043,0.0
FEV1 POST,-0.0016453668415616124,0.9969897810989939
ANTIDOTES,0.0016430655891293213,0.0
insulin lispro (U-100) 100 unit/mL subcutaneous pen,0.0016417972750689587,0.0
SMOKELESS_TOB_USE_cat3,0.0016330965270212176,0.004572081725960852
 >420 8 units and call primary team HIGH ALERT MEDICATION Refrigerate. Hazardous Waste: Dispose of Properly_missing,-0.0016236531268241222,0.0
"metoprolol succinate ER 50 mg tablet,extended release 24 hr_missing",0.0016236039770979789,0.0
18_missing,-0.0016151128478875745,0.0
44_missing,0.001609504205699796,0.0
ANALGESICS_missing,0.0016058353801235096,0.0
23,-0.0016051727436549846,0.0
"UROBILINOGEN, URINE_missing",-0.0015995233480711399,0.0
FEF25-75% PRED,0.001590945841593507,0.9962768345171767
Taking_missing,0.0015856203400605251,0.0
42_missing,0.0015835073891004707,0.0
1_missing,-0.0015556511901429946,0.0
PH,0.0015471775707695478,0.9870085289535528
BLOOD_missing,0.0015419514244257681,0.0
naproxen 500 mg tablet,0.0015368486556706978,0.0
FOLATE,-0.0015349515571693511,0.9886192601198807
MARITAL_STATUS_cat1,0.001531590229452236,0.00842977568224032
11_missing,0.001527778212618595,0.0
blood sugar diagnostic strips_missing,0.0015216157673488102,0.0
APTT,-0.0015207871059081338,0.9566422856539305
miscellaneous medical supply misc_missing,-0.0015139138705692109,0.0
FEF75-85% PRE,-0.0015126596997777923,0.9962768345171767
39_missing,-0.0015026898321536504,0.0
ANALGESIC AND ANTIHISTAMINE COMBINATION_missing,-0.0014945159299597866,0.0
"NUCLEATED RBC,ABSOLUTE",-0.0014749765245422356,0.5905046077473528
MONOCYTES ABSOLUTE_missing,-0.0014679281773751433,0.0
15,-0.0014614679234809897,0.0
40,-0.0014571294539548027,0.0
IMMATURE GRANULOCYTES,0.001446342469876977,0.9695281349845528
ANTIALLERGY,-0.0014102648958406704,0.0
420729,0.001407199092680484,0.0
6,-0.0013984020840478284,0.0
MARITAL_STATUS_missing,0.0013979278794720327,0.00842977568224032
predniSONE 5 mg tablet_missing,0.001381079026943806,0.0
"CREATININE, URINE",0.0013693360795700537,0.9858995009373928
VOL EXTRAP PRE,0.0013641302749640067,0.9962768345171767
POTASSIUM,0.0013535083978150951,0.49225000660135726
RACE_cat8,-0.0013532832890176983,0.0
26,0.0013529861596770153,0.0
"POTASSIUM, VBG",-0.001345057537755211,0.981304956299015
SEX_missing,0.0013422592054069754,0.0
TSH HIGH SENSITIVITY,-0.0013411356769582577,0.9800374957091178
T3 FREE,0.001312931207769433,0.9962504290882206
LDL CHOLESTEROL,0.0012824439186707465,0.9940587784848565
FEV1/FVC POST,-0.00127562397251907,0.9969897810989939
ALPHA-1-GLOBULIN,0.0012705162728568725,0.9979667819703731
HERBALS_missing,-0.0012659901673457655,0.0
FVL ECODE POST,0.0012599110004487626,0.9969897810989939
233677_missing,-0.001257643609543013,0.0
ETHNICITY_cat2,0.0012509626403683811,0.0
VITAMIN D 25-HYDROXY TOTAL,0.0012491402940480254,0.9780042776794909
MARITAL_STATUS_cat4,0.0012442348190212166,0.00842977568224032
ANTINEOPLASTICS_missing,0.0012350717257772837,0.0
"O2 CONTENT (SAT), VBG",-0.001233725656875213,0.9814633888727522
FEV1 PRE,-0.0012328081675265588,0.9962768345171767
SMOKING DETERRENTS,0.0012162394433460218,0.0
FEV1 %CHNG,-0.0012158906414652295,0.9969897810989939
GLOBULIN,0.001212537857747047,0.9485358189643791
3,-0.0012083779594641746,0.0
IMMUNOGLOBULIN M,0.0012056833928475743,0.9972010245306435
fluocinonide 0.05 % topical ointment,-0.001204510843649227,0.0
ketoconazole 2 % shampoo,-0.0011962050336533465,0.0
NT-PROBNP,0.0011922664650359112,0.9945076707771118
REFRESH OPHT_missing,0.0011838362868193807,0.0
insulin aspart (niacinamide)(U-100) 100 unit/mL(3 mL) subcutaneous pen_missing,0.0011824159325392887,0.0
ISOFEF25-75 %CHNG,-0.001174278274327126,0.9970161865279501
"CHOLESTEROL, TOTAL",0.0011719702331041387,0.9478492778115181
hosp_missing,-0.001163690224947575,0.0
21_missing,0.001163626072283699,0.0
2324_missing,0.001155656504676449,0.0
"VENOUS PCO2, POC",-0.001153010941737973,0.9962240236592643
SMOKING_TOB_USE_cat10,-0.001151127923090111,0.004572081725960852
ANTIPLATELET DRUGS_missing,-0.001148098115709061,0.0
28,0.0011477910404232405,0.0
"TROPONIN, POC",0.0011306710090331462,0.9999735945710438
"PROTEIN TOTAL, URINE",-0.0011261571092333596,0.9963032399461329
predniSONE 50 mg tablet_missing,-0.0011145115655323075,0.0
4_missing,0.0011132277613193989,0.0
16_missing,-0.0011125397503383516,0.0
SMOKING_TOB_USE_cat7,0.0011080995411019492,0.004572081725960852
ANTIASTHMATICS_missing,0.0011026215126032956,0.0
35,-0.001099423625267786,0.0
PSYCHOTHERAPEUTIC DRUGS_missing,0.0010992855066255295,0.0
25_missing,-0.0010983776684117493,0.0
insulin aspart U-100  100 unit/mL subcutaneous solution,0.0010916223962019972,0.0
ANALGESIC AND ANTIHISTAMINE COMBINATION,-0.0010841486423209647,0.0
CHOLESTEROL/HDL RATIO,0.0010833744153422298,0.9539489319003988
flash glucose sensor kit_missing,-0.0010745409758082189,0.0
predniSONE 10 mg tablet,-0.0010742626738566145,0.0
"IONIZED CALCIUM, VBG_missing",-0.0010572663665145876,0.0
INR,-0.001037777770747535,0.9138918961738534
ANTIHISTAMINE AND DECONGESTANT COMBINATION_missing,0.0010269108924134468,0.0
"blood sugar diagnostic, disc strips_missing",0.0010221131066336106,0.0
"WHITE BLOOD CELLS, URINE",-0.00102159285885593,0.9710332444350559
ANTIARTHRITICS,-0.0010139695801377815,0.0
ALPHA-2-GLOBULIN,-0.0010135144804102052,0.9979667819703731
CONTRACEPTIVES_missing,0.0010071014618911686,0.0
HORMONES_missing,-0.0009922871878831005,0.0
SEDATIVE/HYPNOTICS_missing,-0.0009917012102438141,0.0
THYROID PREPS_missing,0.0009874433681600955,0.0
LIPASE,-0.0009853201704000808,0.9908901270101133
ANTIINFLAM.TUMOR NECROSIS FACTOR INHIBITING AGENTS_missing,-0.0009815660731834043,0.0
MEMANTINE 5-10 MG ORAL DSPK_missing,-0.0009663190574963727,0.0
ANTIINFECTIVES/MISCELLANEOUS_missing,0.000960860735026271,0.0
colostomy bags,-0.0009607903932146613,0.0
26_missing,-0.0009409169427053412,0.0
ANTICOAGULANTS_missing,-0.0009390945761593145,0.0
33,-0.0009278934049018487,0.0
SAXENDA 3 MG/0.5 ML (18 MG/3 ML) SUBCUTANEOUS PNIJ_missing,0.0009188530474834632,0.0
ANTIFUNGALS_missing,0.0009178904944324227,0.0
"SODIUM, ABG",0.0009127970947528394,0.9912862084444561
BLOOD,-0.0009092745495677692,0.0
INSULIN LISPRO 100 UNITS/ML SUBCUTANEOUS INPN,0.0008966715276794148,0.0
"PCO2, VBG_missing",-0.0008885076959138735,0.0
"insulin syringe U-100 with needle 0.5 mL 29 gauge x 1/2""",0.0008880376229986255,0.0
41_missing,-0.0008837278579277605,0.0
flash glucose scanning reader_missing,-0.0008758663292467628,0.0
ANTIALLERGY_missing,-0.0008668455254325022,0.0
FET100% %CHNG,0.0008657431887590183,0.9969897810989939
15_missing,0.0008537006173856912,0.0
BIOLOGICALS,0.0008524484249770876,0.0
"LACTATE, VBG_missing",-0.0008464540658318068,0.0
IMMUNOGLOBULIN A,-0.0008399081182899177,0.9970161865279501
"PO2, ABG",0.0008391476302188509,0.9912862084444561
"SQUAMOUS EPITHELIAL, URINE",0.0008337613790031736,0.9714293258693988
"BILIRUBIN, CONJUGATED",-0.0008225071813796757,0.9874046103878957
27,-0.0008046259350623505,0.0
insulin lispro (U-100) 100 unit/mL subcutaneous pen_missing,0.0008026870935633837,0.0
RACE_missing,0.0008015270685296394,0.0
lancets 33 gauge_missing,0.0007930561923194551,0.0
insulin glulisine (U-100) 100 unit/mL subcutaneous solution,0.0007895376063675791,0.0
PREDNISONE 10 MG ORAL TAB_missing,0.0007881025719426312,0.0
MARITAL_STATUS_cat7,-0.0007841778684858939,0.00842977568224032
flash glucose scanning reader,-0.0007801562070523325,0.0
ISOFEF25-75 PRE,-0.0007579459369929463,0.9962768345171767
11129,0.0007526154080264526,0.0
"PO2, VBG",-0.0007463551814906454,0.9812785508700589
VOL EXTRAP POST,-0.0007454496689333591,0.9969897810989939
MVV PRED,-0.0007445565327271291,0.9971482136727311
predniSONE 20 mg tablet,0.0007394329932712265,0.0
HYALINE CASTS,-0.0007360622298657436,0.9756277890734335
hydrOXYchloroQUINE 200 mg tablet_missing,-0.0007276910529902824,0.0
ABSOLUTE LYMPHS,0.0007227245593605291,0.9695281349845528
29_missing,0.0007155529989119702,0.0
"verapamiL ER (SR) 120 mg tablet,extended release",-0.0007138845630346882,0.0
RACE_cat7,0.0007104916253603611,0.0
PEF %CHNG,0.0007037277466390725,0.9969897810989939
PRE-NATAL VITAMINS_missing,-0.0007008558235897403,0.0
25,-0.0006916330449940575,0.0
FIVC POST,-0.0006765034187624987,0.9969897810989939
"SODIUM, VBG",0.000670917216196014,0.9813313617279713
T4 (THYROXINE),-0.0006675947410650425,0.9950357793562357
FEF25-75% POST,-0.0006638827013892473,0.9969897810989939
blood sugar diagnostic strips,0.0006628909828958025,0.0
RACE_cat6,-0.0006351759542281888,0.0
FVC POST,-0.0006302990361458705,0.9969897810989939
RED CELL DISTRIBUTION WIDTH,-0.0006251236170002638,0.9555860684956827
"PH, ABG",-0.0006132492827346252,0.9912862084444561
"METHEMOGLOBIN, ABG",0.0006012198944724471,0.9913654247313247
"VLDL CHOLESTEROL, TOTAL DIRECT",-0.0006001978547315093,0.9750996804943096
MARITAL_STATUS_cat0,-0.0005997192869795626,0.00842977568224032
22,0.0005923955102246274,0.0
FEF75-85% POST,-0.0005885036021217031,0.9969897810989939
NIL,-0.0005879450728273329,0.9943756436323308
43,-0.0005850550232250687,0.0
"MICROALBUMIN, URINE",0.000576812779149406,0.993715507908426
"CARBOXYHEMOGLOBIN, ABG",0.000573757046116294,0.9913654247313247
HDL CHOLESTEROL,0.0005709967079595595,0.9482189538169048
LYMPHOCYTES ABSOLUTE,-0.0005705951864215518,0.6819466082226506
SYNGO EJF REST,-0.0005614128890678006,0.9994718914208761
APREMILAST 10 MG (4)-20 MG (4)-30 MG(19) ORAL DSPK_missing,-0.0005565291970313736,0.0
"MISCELLANEOUS MEDICAL SUPPLIES, DEVICES, NON-DRUG_missing",-0.000554351064863248,0.0
207551,0.0005501064247678932,0.0
BASOPHILS ABSOLUTE,-0.0005466960471408878,0.652636582081276
MARITAL_STATUS_cat5,0.0005380998531099698,0.00842977568224032
ANTI-OBESITY DRUGS,0.0005352296730978111,0.0
ANTIINFLAM.TUMOR NECROSIS FACTOR INHIBITING AGENTS,-0.0005339963982176643,0.0
SMOKING_TOB_USE_cat6,0.0005234820560572798,0.004572081725960852
"metoprolol succinate ER 50 mg tablet,extended release 24 hr",0.0005211744999558323,0.0
COLONY STIMULATING FACTORS,-0.0005163707726867795,0.0
37_missing,-0.0005056050363547544,0.0
28_missing,0.000503634807495547,0.0
FEF/FIF50 PRE,-0.000502113996723665,0.9963296453750892
RACE_cat5,-0.0004993972962396939,0.0
REFRESH OPHT,-0.0004985470316191522,0.0
TSH HIGH SENSITIVITY_missing,-0.0004981038191849327,0.0
"DIABETIC SUPPLIES, MISCELLAN. MISC._missing",-0.0004969772750260824,0.0
"GLUCOSE, FASTING",-0.000496607789453935,0.9958807530828339
ANTIPARASITICS_missing,0.0004960724642908778,0.0
18,0.00048755754517956063,0.0
IMMUNOGLOBULIN G,0.0004871133303803442,0.9970954028148187
FVL ECODE PRE,-0.00048443117996546995,0.9962768345171767
ETHNICITY_missing,-0.0004812859958702487,0.0
INSULIN ASPART U-100 100 UNIT/ML (3 ML) SUBCUTANEOUS INPN_missing,0.00048019170888597123,0.0
ETHNICITY_cat3,-0.000474421793559525,0.0
GAMMA GLOBULIN,-0.0004711001820755428,0.9977027276808111
predniSONE 5 mg tablet,0.0004702145052262869,0.0
44,0.00046915764820331296,0.0
miscellaneous medical supply misc,0.00046882391871308406,0.0
PEF POST,-0.00046797333474759016,0.9969897810989939
HEPATITIS B SURFACE ANTIBODY,0.00046734181652088327,0.9938475350532069
"VENOUS PO2, POC",-0.0004666348695493113,0.9966201050936072
"SPECIFIC GRAVITY, URINE, POC",0.0004452902166793022,0.9983100525468036
LIRAGLUTIDE (WEIGHT LOSS) 3 MG/0.5 ML (18 MG/3 ML) SUBCUTANEOUS PNIJ,-0.00043831640032931463,0.0
PTT,0.0004362590150209474,0.9886720709777931
CPAP DEVICE,-0.0004311522623986593,0.0
32,0.00042901899353719607,0.0
insulin aspart (U-100) 100 unit/mL (3 mL) subcutaneous pen,0.00042872883308302934,0.0
"METHEMOGLOBIN, VBG",-0.0004285974273399377,0.9814633888727522
predniSONE 20 mg tablet_missing,0.0004227040031062927,0.0
ABSOLUTE IMMATURE GRANULOCYTES,0.00041768436380459857,0.9695281349845528
FIVC %CHNG,0.0004151195988918939,0.9969897810989939
23_missing,-0.0004081962743477636,0.0
URIC ACID,0.0003986587246313008,0.9921839930289668
ANTIINFECTIVES_missing,0.00039104465372906226,0.0
CONTRACEPTIVES,0.00036882785089859774,0.0
FLASH GLUCOSE SCANNING READER MISC. MISC,0.00036695579048348734,0.0
SMOKELESS_TOB_USE_missing,-0.00036481629125622423,0.004572081725960852
7_missing,-0.0003641300934361311,0.0
11,0.0003611126016976997,0.0
COLONY STIMULATING FACTORS_missing,0.0003582083515495866,0.0
SMOKING_TOB_USE_cat5,0.0003562594785018287,0.004572081725960852
"EOSINOPHILS, ABSOLUTE",0.000353390715070257,0.6525837712233635
22_missing,-0.00034892059159414516,0.0
46_missing,-0.0003460144658340202,0.0
108212,0.00033517890334559136,0.0
insulin aspart (niacinamide)(U-100) 100 unit/mL(3 mL) subcutaneous pen,0.00033338471618236227,0.0
VITAMIN B12,-0.00032418888776383607,0.979245332840432
MEMANTINE 5-10 MG ORAL DSPK,-0.00032217361471764726,0.0
ANTIHISTAMINE AND DECONGESTANT COMBINATION,0.0003181933790190978,0.0
"LDL CHOL,CALCULATED",0.0003177345120289532,0.9754165456417839
aspirin oral,0.00031385903450711645,0.0
POLYS,-0.00030912741287711344,0.9695281349845528
UNCLASSIFIED DRUG PRODUCTS_missing,-0.0003067244926797828,0.0
"esomeprazole magnesium 40 mg capsule,delayed release_missing",-0.00030574670138593763,0.0
"POTASSIUM, ABG",0.0003020377040045192,0.9913390193023686
233677,0.0002982951955128814,0.0
"UROBILINOGEN, URINE, POC",-0.0002982757861084433,0.9994718914208761
hydrOXYchloroQUINE 200 mg tablet,-0.00028889860267665153,0.0
FVC PRED,-0.00027754422388102647,0.9962768345171767
"UROBILINOGEN, URINE",-0.00027436742251153614,0.9687623775448232
PSA TOTAL,0.0002653851884371753,0.9917086953077553
TROPONIN I,0.00026404727463202757,0.9580153679596525
naproxen 500 mg tablet_missing,0.0002604572357767761,0.0
5_missing,-0.0002496741818806287,0.0
43_missing,0.0002491946903932323,0.0
predniSONE 10 mg tablet_missing,0.0002454047214104065,0.0
ANTIBIOTICS_missing,-0.0002442285910529123,0.0
ANTIVIRALS_missing,-0.00023909035919834247,0.0
SKIN PREPS_missing,-0.00023596003466882067,0.0
colostomy bags_missing,-0.00023434788973280825,0.0
4,0.00023291276031977138,0.0
INSULIN ASPART U-100 100 UNIT/ML (3 ML) SUBCUTANEOUS INPN,0.00023232252036556295,0.0
FET100% POST,-0.0002315925674518625,0.9969897810989939
BUN / CREATININE RATIO,-0.00023067601191767114,0.9941115893427689
FVC PRE,-0.00022832953757255178,0.9962768345171767
"blood sugar diagnostic, disc strips",-0.00022583560059745206,0.0
DIAGNOSTIC_missing,0.0002236142109931738,0.0
CNS DRUGS_missing,0.0002233691457655129,0.0
BETA GLOBULIN,0.00021865918601173635,0.9979667819703731
"PROTEIN/CREATININE RATIO, URINE",0.00021533152963405355,0.9963032399461329
"VENOUS BASE EXCESS CALCULATED, POC",0.0002102939794848804,0.9975178896781178
FIVC PRE,0.00020740874422077189,0.9962768345171767
"LACTATE, VBG",-0.00020648828676166151,0.9812521454411027
420729_missing,0.00020356918572579132,0.0
"PCO2, VBG",0.00019211185254258331,0.9812257400121465
FEV1/FVC PRED,-0.00018897555569870783,0.9962768345171767
"insulin syringe U-100 with needle 0.5 mL 29 gauge x 1/2""_missing",-0.000186089948331995,0.0
FEV1 PRED,-0.00018525015137429434,0.9962768345171767
31_missing,0.0001816837373393148,0.0
38_missing,0.00017329670824015275,0.0
AST,0.00016729316131435348,0.6968920810118561
GASTROINTESTINAL_missing,-0.000166203319257292,0.0
aspirin oral_missing,-0.00016507998357956528,0.0
"OXYHEMOGLOBIN, ABG",-0.0001623127039766919,0.9913654247313247
"VENOUS HCO3 CALCULATED, POC",-0.00015008883541313975,0.9962240236592643
SMOKING_TOB_USE_cat4,0.0001480265604351527,0.004572081725960852
SMOKING_TOB_USE_cat9,0.00014774763540021751,0.004572081725960852
A/G RATIO,0.00014512636439267064,0.9557445010694199
lancets_missing,-0.00014466855403735016,0.0
16,-0.00013702072878016335,0.0
"esomeprazole magnesium 40 mg capsule,delayed release",0.00013647573128379052,0.0
GFR CALCULATION(CKD-EPI),0.0001357210791084777,0.9649864012040875
"PTH, INTACT",-0.0001344921524355388,0.9959863747986586
MEAN CORPUSCULAR HEMOGLOBIN,-0.00013380078108282589,0.5322014206120779
ANTI-OBESITY DRUGS_missing,-0.0001300362268055579,0.0
ELECT/CALORIC/H2O_missing,-0.00012973502561405094,0.0
ANTINEOPLASTICS,0.00012659591949107287,0.0
SMOKELESS_TOB_USE_cat0,-0.00011583289933199143,0.004572081725960852
108212_missing,-0.00011175448954911819,0.0
"T4, FREE, DIRECT",0.00011101562495578231,0.9862691769427795
MARITAL_STATUS_cat6,-0.0001030477438702582,0.00842977568224032
27_missing,9.459075046608022e-05,0.0
FEF75-85% %CHNG,-8.528395626723328e-05,0.9969897810989939
Taking,-5.9436099570829546e-05,0.0
33_missing,-5.722268701066421e-05,0.0
2324,5.260658002980621e-05,0.0
"DIABETIC SUPPLIES, MISCELLAN. MISC.",-4.3961169196217185e-05,0.0
24_missing,-4.1908292914275117e-05,0.0
FEF/FIF50 POST,4.135848317159878e-05,0.9970161865279501
35_missing,3.7909561064206954e-05,0.0
31,3.593819601036864e-05,0.0
34,-3.564977752437893e-05,0.0
FLASH GLUCOSE SCANNING READER MISC. MISC_missing,3.441051674028339e-05,0.0
7,3.254906168549069e-05,0.0
SMOKING_TOB_USE_missing,-2.7863282347607846e-05,0.004572081725960852
5,-1.4764809131985978e-05,0.0
FEF25-75% %CHNG,-1.3774170016489853e-05,0.9969897810989939
24,-2.9694069459326316e-06,0.0
"PH, VBG",2.084159265733159e-06,0.9812257400121465
